[{"image":"characters\/view\/welcome\/video\/pilot.mp4","type":"video","post_id":1},{"image":"characters\/view\/welcome\/video\/family.mp4","type":"video","post_id":1},{"image":"characters\/view\/welcome\/video\/shrimp.mp4","type":"video","post_id":1},{"image":"characters\/view\/welcome\/video\/story.mp4","type":"video","post_id":1},{"image":"characters\/view\/welcome\/video\/pilot.png","type":"image","post_id":1},{"image":"characters\/view\/welcome\/video\/family.png","type":"image","post_id":1},{"image":"characters\/view\/welcome\/video\/shrimp.png","type":"image","post_id":1},{"image":"characters\/view\/welcome\/video\/story.png","type":"image","post_id":1},{"image":"post\/images\/s1NlfhuNiQYkDaiDmdWiYiL2pfEHBbdwMwNg1gq9.png","type":"image","post_id":2},{"image":"post\/images\/54PIy6TltyGfWmHcFXnCOK7eH9yUEgTnuBixFExu.png","type":"image","post_id":3},{"image":"post\/images\/gjUWJj6UfW4gEBqe18V3JCC3RyalgrD46Cn3Lvvn.png","type":"image","post_id":4},{"image":"post\/images\/38ppvztH1h293MNXFHTRcaCqHxNPoLzOgAkVQhj9.png","type":"image","post_id":5}]