[{"id":1,"title":"Главная","content":"<div class=\"title text-center \"><h1>«О шоу»<\/h1><\/div>\r\n\r\n                <div class=\"row mt-lg-5\">\r\n                    <div class=\"col\">\r\n                        <p class=\"text-start\">\r\n                            «Золотые девочки» (англ. «The Golden Girls») — американский телесериал канала NBC, созданный\r\n                            Сьюзан Харрис и произведенный компанией «Touchstone Television». В США выходил в эфир с 14\r\n                            сентября 1985 до 9 мая 1992. Главные роли исполнили Беатрис Артур, Бетти Уайт, Ру\r\n                            Макклэнахан и\r\n                            Эстель Гетти.\r\n                        <\/p>\r\n                    <\/div>\r\n                    <div class=\"col\">\r\n                        <p class=\"text-start\">\r\n                            Ситком оригинально был задуман Брандоном Тартикоффом, а создан Сюзан\r\n                            Харрис. Тартикофф, однажды придя в гости к своей пожилой тёте, заметил, как она ведёт себя\r\n                            со\r\n                            своей соседкой и лучшей подругой. Несмотря на то, что они постоянно спорили и препирались\r\n                            друг с\r\n                            другом, они остались лучшими друзьями и любили друг друга.\r\n                        <\/p>\r\n                    <\/div>\r\n                    <div class=\"col\">\r\n                        <p class=\"text-start\">\r\n                            Телесериал был 65 раз номинирован и получил 11\r\n                            премий «Эмми» (в том\r\n                            числе дважды в категории «Лучший комедийный телесериал»), четыре премии «Золотой глобус» и\r\n                            две\r\n                            премии «Viewers For Quality Television». Все главные актрисы также получили «Эмми». «Золотые\r\n                            девочки», «Дела семейные» и «Уилл и Грейс» — единственные сериалы, все исполнители главных\r\n                            ролей в которых выиграли «Эмми»\r\n                        <\/p>\r\n                    <\/div>\r\n                <\/div>\r\n                <div>\r\n                    \r\n                <\/div>","country_id":1,"topic_id":1},{"id":2,"title":"Дороти Зборнак","content":"<div class='content'>\r\n            <div class='mt-4'>\r\n            <p class='text-start'>Дороти Зборнак - персонаж ситкома телесериала \"Золотые девочки\", которую сыграла Беа Артур. Саркастичная, интроспективная, сострадательная и яростно защищает тех, кого она считает семьей. В сериале она представлена как нештатный преподаватель и мама.В то время Дороти недавно развелась со своим бывшим мужем Стэнли. <\/p>\r\n            <\/div>\r\n            \r\n            <div class='mt-4'>\r\n            <p class='text-start'>Она, ее мать София Петрилло (которую играет Эстель Гетти ) и соседка по дому Роуз Найлунд ( Бетти Уайт ) снимают комнаты в доме в Майами своей подруги Бланш Деверо ( Рю МакКланахан ). Дороти часто выступала в роли главнокомандующей и голоса разума среди квартета, «великого уравнителя», по словам Беа Артур, хотя иногда она также вела себя глупо или негативно, и ей нужны были друзья и семья, чтобы снова заземлить ее. Артур также считала ее «великим прокалывателем воздушных шаров», человеком, который открыто бросал вызов лицемерию, несправедливости, жестокости, заблуждениям, недальновидным замечаниям и поведению, которое она просто находила скучным, необдуманным, грубым или неразумным.<\/p>\r\n            <\/div>\r\n            <\/div>","country_id":1,"topic_id":2},{"id":3,"title":"София Петрилло","content":"<div class='content'>\r\n            <div class='mt-4'>\r\n            <p class='text-start'>София Петрилло — персонаж телесериала ситкома « Золотые девушки» , его спин-оффов «Золотой дворец» и « Пустое гнездо» , а также эпизодов сериала «Цветок» и « Медсестры » . Её играла Эстель Гетти в течение 10 лет и 258 серий.<\/p>\r\n            <\/div>\r\n            \r\n            <div class='mt-4'>\r\n            <p class='text-start'>София Гризанти, скорее всего, родилась в апреле 1905 года на Сицилии (на основе истории воспоминаний во втором сезоне «Кусок пирога»). Ее родители - Анджело и Элеонора Гризанти. У нее была сестра Анджела, сестра Регина, брат Анджело, и она упомянула еще одного брата, но его имя не было названо, и о нем упоминалось всего несколько раз. Дороти упоминает дядю Вито во втором сезоне, но неясно, является ли он братом Софии или ее мужа Сальвадора. В эпизоде ​​​​2 сезона «Кусок пирога» выясняется, что ее 50-летие было в апреле 1956 года, а дата ее рождения - апрель 1906 года. В большинстве эпизодов «Золотых девочек » возраст Софии составляет от 80 до 85 лет. <\/p>\r\n            <\/div>\r\n            \r\n            <div class='mt-4'>\r\n            <p class='text-start'>Находясь на Сицилии, в подростковом возрасте она ненадолго была помолвлена ​​с Августином Багателли, молодым человеком из ее деревни. Она также утверждает, что когда-то была помолвлена ​​со своим братом (хотя в эпизоде ​​это в значительной степени отвергается как шутка). Позже она обручилась с Джузеппе Манджакавалло, который бросил ее у алтаря. Она переехала в Нью-Йорк после того, как аннулировала свой первый брак по договоренности с Гвидо Спирелли, когда ей было 14 лет. У нее не осталось акцента, чтобы показать, что она выросла, говоря на сицилийском языке . Вместо этого у нее бруклинский акцент с быстрым темпом речи, что часто способствовало юмору в ее остротах.<\/p>\r\n            <\/div>\r\n            \r\n            <div class='mt-4'>\r\n            <p class='text-start'>Затем София вышла замуж за Сальвадора «Сэла» Петрилло (которого играет Сид Мелтон в воспоминаниях) и родила от него троих детей: Дороти , разведенного учителя-заместителя; Фил ( невидимый персонаж ), трансвестит с женой по имени Анжела, сварщик и несколько детей в трейлерном парке в Ньюарке, штат Нью-Джерси , которые позже умерли от сердечного приступа во время сериала; и Глория (которую играет Дорис Белак , а затем Дена Дитрих ), которая жила в Калифорнии и вышла замуж за деньги, а позже потеряла мужа по неизвестной причине. Она оставалась с Сальвадором до его смерти от сердечного приступа. В эпизоде ​​​​1985 года София упоминает, что Сал умер 30 лет назад. Однако в эпизоде ​​​​1988 года говорится, что Сал умер 27 лет назад.<\/p>\r\n            <\/div>\r\n            <\/div>","country_id":1,"topic_id":2},{"id":4,"title":"Роуз Найлунд","content":"<div class='content'>\r\n            <div class='mt-4'>\r\n            <p class='text-start'>Роуз Найлунд - Наивная деревенская девушка из городка Сент-Олаф , штат Миннесота . Она блуждает всякий раз, когда рассказывает о событии, теряясь в историях своей юности, что сводит с ума ее товарищей. Она самая нежная и добродушная из всех.<\/p>\r\n            <\/div>\r\n            \r\n            <div class='mt-4'>\r\n            <p class='text-start'><\/p>\r\n            <\/div>\r\n            \r\n            <div class='mt-4'>\r\n            <p class='text-start'>Родился в Линдстреме, в маленьком фермерском городке Сент-Олаф, штат Миннесота, в сообществе норвежско-американцев, которое Дороти однажды назвала «колыбелью идиотизма». Роуз любила рассказывать очень причудливые истории о взрослении святого Олафа; истории, которые предоставили комический багаж для его персонажа. Типичные истории вращались вокруг людей с такими именами, как Ганс, Ларс или Свен, и некоторых опытов с селедкой. Хотя Роуз определенно была самой кроткой из четырех соседок по комнате, она обладала невероятной склонностью к соперничеству. Это заставляло его «поднимать голову» в некоторых случаях, особенно на чемпионате по боулингу в эпизоде ​​​​«соревнование» и во время тренировки футбольной команды мальчиков с Дороти.<\/p>\r\n            <\/div>\r\n            \r\n            <div class='mt-4'>\r\n            <p class='text-start'><\/p>\r\n            <\/div>\r\n            \r\n            <div class='mt-4'>\r\n            <p class='text-start'>Роза провела несколько лет своей жизни в приюте Святого Олафа. Как выяснилось в памятном эпизоде, она провела большую часть своей жизни, убежденная, что Боб Хоуп был ее биологическим отцом. Однако в конце сериала он узнал, что родился вне брака от монаха ( Дон Амече) и его возлюбленной Ингрид, которая умерла при родах. Когда ей было около 8 лет, Роуз усыновила и вырастила большая (и, видимо, несколько странная) семья Линдстрем. Его приемный отец умер до начала сериала, но его приемная мать Альма (которую играет звезда-ветеран Жанетт Нолан) появляется в одном эпизоде; Позже он умер за кадром во время сериала. Роуз была первой из девяти братьев и сестер (когда-то говорили, что ее родители любили «братьев и сестер одинаково»). Несколько братьев и сестер, таких как Роуз, были названы в честь цветов. Среди них были две сестры, которые посетили Роуз в Майами: слепая Лили (в исполнении Полли Холлидей ) и Холли (в исполнении Инги Свенсон ).) профессиональный музыкант, которого Роуз терпеть не могла, как можно было догадаться по ее выступлению, поскольку Роуз однажды сказала: «Как мудак».<\/p>\r\n            <\/div>\r\n            \r\n            <div class='mt-4'>\r\n            <p class='text-start'><\/p>\r\n            <\/div>\r\n            \r\n            <div class='mt-4'>\r\n            <p class='text-start'>Роуз много лет была замужем за коммивояжером страховых компаний Чарли Найлундом, который также работал продавцом подков. У них было 5 детей; 3 дочери (Кирстен, Бриджит и Жанелла) и два сына (Адам и Чарли). Кирстен и Бриджит не раз навещали свою мать в Майами, а Адам, Чарли и Жанелла упоминались, но никогда не появлялись в сериале. У Роуз было несколько внуков; две внучки, Чарли и Шарлин (первая появилась у золотых девочек, а вторая посетила Роуз в Золотом дворце) .<\/p>\r\n            <\/div>\r\n            \r\n            <div class='mt-4'>\r\n            <p class='text-start'><\/p>\r\n            <\/div>\r\n            \r\n            <div class='mt-4'>\r\n            <p class='text-start'>После смерти Чарли в 1970 году (он умер от сердечного приступа во время занятий любовью) Роуз какое-то время жила одна в Сент-Олафе, а затем переехала в Майами и нашла работу в «центр помощи».<\/p>\r\n            <\/div>\r\n            \r\n            <div class='mt-4'>\r\n            <p class='text-start'><\/p>\r\n            <\/div>\r\n            \r\n            <div class='mt-4'>\r\n            <p class='text-start'>После окончания шоу, когда девушки продали дом и купили отель (The Golden Palace), Роуз была свадебным консультантом отеля. Он также занимался всеми банкетами, конференциями и гостиничными делами. Во время работы над свадебным приемом для невесты и организацией специального мероприятия «Свадьба в коровьем стиле» имя Майлза несколько раз было найдено в реестре отелей. В эти дни он оставался с другой женщиной. Бланш сообщает Роуз о том, что она нашла, и Роуз сообщает информацию Майлзу, после чего выясняется, что он не тот Майлз Уэббер, который фигурировал в реестре отеля. Майлз признал, что встречается с другой женщиной, работающей в ресторане; и что он не мог выбрать между ними. Роуз заканчивает отношения, говоря, что если бы после того, что произошло, он не был уверен, что она была той, с кем он хотел бы провести остаток своей жизни, то он бы никогда не узнал. Позже Роуз обнаруживает, что невеста, у которой будет особенная («Свадьба в коровьем стиле»), которая всегда была свадебной мечтой Роуз (для нее и Майлза), планирует выйти замуж за Майлза. В конце эпизода Роуз находится на кухне отеля и смотрит на банкетный зал во время свадебного торжества. Роуз говорит Бланш, что она должна быть там, чтобы попрощаться и двигаться дальше. свадьба, которая всегда была мечтой Роуз (для нее и для Майлза), планирует выйти замуж за Майлза. В конце эпизода Роуз находится на кухне отеля и смотрит на банкетный зал во время свадебного торжества. Роуз говорит Бланш, что она должна быть там, чтобы попрощаться и двигаться дальше. свадьба, которая всегда была мечтой Роуз (для нее и для Майлза), планирует выйти замуж за Майлза. В конце эпизода Роуз находится на кухне отеля и смотрит на банкетный зал во время свадебного торжества. Роуз говорит Бланш, что она должна быть там, чтобы попрощаться и двигаться дальше.<\/p>\r\n            <\/div>\r\n            \r\n            <div class='mt-4'>\r\n            <p class='text-start'><\/p>\r\n            <\/div>\r\n            \r\n            <div class='mt-4'>\r\n            <p class='text-start'>Во время шоу у Роуз были проблемы со здоровьем, в первую очередь тяжелый сердечный приступ во время последнего сезона шоу. В одном из эпизодов говорилось, что Роуз уже много лет пристрастилась к обезболивающим. Лекарство было прописано много лет назад, после травмы на ферме. Также в эпизоде ​​под названием «72 часа» он сообщает Роуз, что из-за переливания крови, которое она получила во время плановой операции, она, возможно, заразилась СПИДом . После нескольких анализов и тревожного ожидания в течение 3 дней он определяет, что он ВИЧ - отрицательный.<\/p>\r\n            <\/div>\r\n            \r\n            <div class='mt-4'>\r\n            <p class='text-start'><\/p>\r\n            <\/div>\r\n            \r\n            <div class='mt-4'>\r\n            <p class='text-start'>В честь персонажа городок Святого Олафа учредил премию Роуз Найлунд за гражданское превосходство.<\/p>\r\n            <\/div>\r\n            <\/div>","country_id":1,"topic_id":2},{"id":5,"title":"Бланш Деверо","content":"<div class='content'>\r\n            <div class='mt-4'>\r\n            <p class='text-start'>Бланш Деверо — персонаж телесериала « Золотые девушки » и его спин-оффа «Золотой дворец» . Бланш изображала Рю МакКланахан в течение 8 лет и 204 эпизодов в двух сериалах. Персонаж был вдохновлен Бланш Дюбуа (с которой Бланш Деверо сравнивается в пилотном сценарии) и Скарлетт О'Хара .<\/p>\r\n            <\/div>\r\n            \r\n            <div class='mt-4'>\r\n            <p class='text-start'>Бланш Элизабет Мари Холлингсворт выросла недалеко от Атланты , штат Джорджия , на семейной плантации Твин-Оукс. Ее родителями были покойная Элизабет-Энн Маргарет Беннетт (более поздние сезоны назвали ее «Саманта Роке») ( Хелен Клеб ) и Кертис «Большой папа» Холлингсворт (сначала Мюррей Гамильтон , а после смерти Гамильтона — Дэвид Уэйн ), последний уважаемый человек. в его шее леса. В детстве у нее была мама по имени Виола Уоткинс ( Руби Ди ), которая заботилась о ней, прежде чем однажды внезапно уйти.<\/p>\r\n            <\/div>\r\n            \r\n            <div class='mt-4'>\r\n            <p class='text-start'><\/p>\r\n            <\/div>\r\n            \r\n            <div class='mt-4'>\r\n            <p class='text-start'>К большому разочарованию юной Бланш, ее отец женился на молодой вдове по имени Маргарет Спенсер ( Сондра Карри ) спустя годы после смерти матери Бланш, но она неохотно приняла брак. После смерти отца она узнала, что он и Уоткинс были тайными любовниками более 40 лет. Бланш является членом «Альфа Гамс» ( Alpha Gamma Delta ), но какой именно университет она посещала, неизвестно. Несколько раз Бланш заявляет, что она баптистская вера. Она гордится своим статусом дебютантки с Юга , но потрясена, узнав, прослеживая историю своей семьи, что у нее есть прабабушка-еврейка, которая не позволяет ей присоединиться к Дочерям Старого Юга. <\/p>\r\n            <\/div>\r\n            \r\n            <div class='mt-4'>\r\n            <p class='text-start'><\/p>\r\n            <\/div>\r\n            \r\n            <div class='mt-4'>\r\n            <p class='text-start'>Бланш — третья из пяти детей Холлингсворта. Шармейн Холлингсворт ( Барбара Бэбкок ) — избалованная старшая сестра, которая привела Бланш в ярость, когда она написала грязный роман, который, по мнению Бланш, был о ней. Когда выяснилось, что книга была о Шармейн, а не о Бланш, они помирились и извинились друг перед другом. Следующий младший брат - брат Бланш Тэд.<\/p>\r\n            <\/div>\r\n            \r\n            <div class='mt-4'>\r\n            <p class='text-start'><\/p>\r\n            <\/div>\r\n            \r\n            <div class='mt-4'>\r\n            <p class='text-start'>Пятым ребенком Холлингсвортов (по вычету) является Клейтон Холлингсворт ( Монте Маркхэм ), который появляется в четвертом (1988) и шестом (1991) сезонах.  Бланш в некоторой степени обеспокоена, когда узнает, что Клейтон - гей; ее нежелание принять сексуальную ориентацию Клейтона чуть не стоило ей отношений с ним. <\/p>\r\n            <\/div>\r\n            \r\n            <div class='mt-4'>\r\n            <p class='text-start'><\/p>\r\n            <\/div>\r\n            \r\n            <div class='mt-4'>\r\n            <p class='text-start'>Сестра Бланш Вирджиния Холлингсворт Уоррен ( Шери Норт ), с которой Бланш разделяет взаимную неприязнь, на год младше ее. Они закопали топор войны, когда у Вирджинии случилась почечная недостаточность, и Бланш предложила свою почку своей сестре. Однако их отношения снова обострились после ссоры после смерти Большого Папочки, в которой Вирджиния обвинила Бланш в том, что она слишком эгоистична и эгоцентрична, чтобы попрощаться с собственным отцом.<\/p>\r\n            <\/div>\r\n            \r\n            <div class='mt-4'>\r\n            <p class='text-start'><\/p>\r\n            <\/div>\r\n            \r\n            <div class='mt-4'>\r\n            <p class='text-start'>У Бланш также есть распутная племянница по имени Люси ( Хэлли Тодд ), которая навещает ее в течение первого сезона.<\/p>\r\n            <\/div>\r\n            <\/div>","country_id":1,"topic_id":2},{"id":6,"title":"Помолвка.  1 сезон - 1 серия","content":"<div class='content'>\r\n            <div class='mt-4'>\r\n            <p class='text-start'>«Помолвка » — премьера сериала «Золотые девушки» . Этот эпизод был снят Джей Сэндричем и написан со-исполнительным продюсером сериала Сьюзен Харрис . Первоначально он был показан на канале NBC в США 14 сентября 1985 года.<\/p>\r\n            <\/div>\r\n            \r\n            <div class='mt-4'>\r\n            <p class='text-start'><\/p>\r\n            <\/div>\r\n            \r\n            <div class='mt-4'>\r\n            <p class='text-start'>В премьере сериала Бланш объявляет, что ее последний бойфренд Гарри сделал предложение руки и сердца. Услышав это, Роуз беспокоится о том, где она будет жить, а позже беспокоится, что с Гарри что-то не так. Тем временем Дороти более чем воодушевлена ​​планами Бланш, но ей также приходится бороться со своей матерью Софией , которая прибывает после того, как ее дом престарелых, Шейди Пайнс , сгорел дотла.<\/p>\r\n            <\/div>\r\n            <\/div>","country_id":1,"topic_id":3},{"id":7,"title":"Угадай, кто придет на свадьбу. 1 сезон - 2 серия","content":"<div class='content'>\r\n            <div class='mt-4'>\r\n            <p class='text-start'>«Угадай, кто придет на свадьбу » — вторая серия первого сезона сериала «Золотые девушки» , а также вторая серия сериала. Режиссер Пол Богарт , сценарий Сьюзен Харрис и Уинифред Херви , премьера состоялась на NBC-TV, первый выход в эфир состоялся 21 сентября 1985 года.<\/p>\r\n            <\/div>\r\n            \r\n            <div class='mt-4'>\r\n            <p class='text-start'><\/p>\r\n            <\/div>\r\n            \r\n            <div class='mt-4'>\r\n            <p class='text-start'>Когда дочь Дороти Кейт выходит замуж, Дороти приходится противостоять своему бывшему мужу Стэнли, который ушел из их 38-летнего брака ради более молодой женщины.<\/p>\r\n            <\/div>\r\n            <\/div>","country_id":1,"topic_id":3},{"id":8,"title":"Роза скромница. 1 сезон - 3 серия","content":"<div class='content'>\r\n            <div class='mt-4'>\r\n            <p class='text-start'>Роуз Скромница — третий эпизод сериала «Золотые девушки» , а также третий общий эпизод сериала. Режиссер и автор сценария Барри Фанаро и Джим Дрейк , премьера состоялась 28 сентября 1985 года на канале NBC-TV.<\/p>\r\n            <\/div>\r\n            \r\n            <div class='mt-4'>\r\n            <p class='text-start'><\/p>\r\n            <\/div>\r\n            \r\n            <div class='mt-4'>\r\n            <p class='text-start'>Не встречаясь с тех пор , как умер ее муж , Роуз неохотно соглашается пойти на двойное свидание вслепую с Бланш . Тем временем Дороти и София устраивают марафон по джину. Роуз быстро проникается симпатией к своему свиданию, но не решается провести с ним ночь. Позже он приглашает ее в круиз с ним, и она соглашается.<\/p>\r\n            <\/div>\r\n            <\/div>","country_id":1,"topic_id":3},{"id":9,"title":"О создателях","content":"<div class='content'>\r\n            <div class='mt-4'>\r\n            <p class='text-start'>«Golden Girls» , также известные как « Золотые девочки» (или «Золотые годы в Латинской Америке ») —американский телевизионный ситком , созданный Сьюзен Харрис и первоначально транслировавшийся Национальной радиовещательной компанией (NBC) с 1985 по 1992 год . Шоу с Беатрис Артур , Бетти Уайт , Рю МакКланахан и Эстель Гетти в главных роляхрассказывает историю четырех разведенных или овдовевших женщин, проживающих в шале в Майами . , Флорида . Произведенный Witt\/Thomas\/Harris Productions совместно с Touchstone Television , сериал был исполнительным продюсером Харрисом и его коллегами Тони Томасом и Полом Юнгером Виттом .<\/p>\r\n            <\/div>\r\n            \r\n            <div class='mt-4'>\r\n            <p class='text-start'><\/p>\r\n            <\/div>\r\n            \r\n            <div class='mt-4'>\r\n            <p class='text-start'>«Золотые девушки» получали положительные отзывы на протяжении всех сезонов и получили несколько наград, в том числе премию «Эмми» за выдающийся комедийный сериал . Он также получил три премии «Золотой глобус» за лучший сериал — комедию или мюзикл . Все четыре главные роли получили премию «Эмми» на протяжении всего существования сериала и имели несколько номинаций. Сериал также фигурировал в списках десяти лучших шоу с самым высоким рейтингом за шесть из семи сезонов.<\/p>\r\n            <\/div>\r\n            <\/div>","country_id":1,"topic_id":4},{"id":10,"title":"О нас","content":"<div class='content'>\r\n            <div class='mt-4'>\r\n            <p class='text-start'>Это статья о \"О нас\". Надеюсь, что она понравиться вам. Поскольку мы все усердно над ней работали. Поздравим же нас с этим! Ура! Ура! Ура! Ура! Ура! Ура! Ура! Ура! Ура! Ура! Ура!<\/p>\r\n            <\/div>\r\n            <\/div>","country_id":1,"topic_id":5}]